date,Vaccinations
2021/4/12,419
2021/4/13,176
2021/4/14,507
2021/4/15,829
2021/4/16,1732
2021/4/17,1507
2021/4/18,621
2021/4/19,3641
2021/4/20,5477
2021/4/21,6922
2021/4/22,6680
2021/4/23,7147
2021/4/24,4343
2021/4/25,1839
2021/4/26,5867
2021/4/27,7102
2021/4/28,9040
2021/4/29,2122
2021/4/30,6504
2021/5/1,4593
2021/5/2,3029
2021/5/3,1169
2021/5/4,1185
2021/5/5,1608
2021/5/6,5322
2021/5/7,5476
2021/5/8,5748
2021/5/9,14368
2021/5/10,11988
2021/5/11,15943
2021/5/12,23450
2021/5/13,23532
2021/5/14,21942
2021/5/15,24251
2021/5/16,30732
2021/5/17,24485
2021/5/18,32131
2021/5/19,42047
2021/5/20,37996
2021/5/21,35553
2021/5/22,41439
2021/5/23,53479
2021/5/24,44411
2021/5/25,51001
2021/5/26,61381
2021/5/27,60361
2021/5/28,56304
2021/5/29,62125
2021/5/30,70195
2021/5/31,58543
2021/6/1,76092
2021/6/2,86198
2021/6/3,77483
2021/6/4,76500
2021/6/5,79854
2021/6/6,91292
2021/6/7,73823
2021/6/8,88520
2021/6/9,96510
2021/6/10,92636
2021/6/11,93467
2021/6/12,94281
2021/6/13,102725
2021/6/14,93738
2021/6/15,106415
2021/6/16,111944
2021/6/17,109950
2021/6/18,111606
2021/6/19,113344
2021/6/20,117599
2021/6/21,124785
2021/6/22,147369
2021/6/23,153214
2021/6/24,141127
2021/6/25,149245
2021/6/26,140640
2021/6/27,141012
2021/6/28,154980
2021/6/29,172785
2021/6/30,185498
2021/7/1,165593
2021/7/2,173926
2021/7/3,151423
2021/7/4,105793
2021/7/5,188334
2021/7/6,206407
2021/7/7,205234
2021/7/8,199130
2021/7/9,211282
2021/7/10,190164
2021/7/11,161988
2021/7/12,175526
2021/7/13,190921
2021/7/14,193002
2021/7/15,186430
2021/7/16,198742
2021/7/17,177269
2021/7/18,156622
2021/7/19,164295
2021/7/20,195220
2021/7/21,206209
2021/7/22,102062
2021/7/23,88313
2021/7/24,166529
2021/7/25,136753
2021/7/26,200052
2021/7/27,205387
2021/7/28,211557
2021/7/29,210805
2021/7/30,228292
2021/7/31,186265
2021/8/1,147124
2021/8/2,194160
2021/8/3,205083
2021/8/4,207058
2021/8/5,204860
2021/8/6,211357
2021/8/7,178271
2021/8/8,145530
2021/8/9,73645
2021/8/10,179659
2021/8/11,176322
2021/8/12,146962
2021/8/13,138127
2021/8/14,138085
2021/8/15,137581
2021/8/16,147686
2021/8/17,161296
2021/8/18,167456
2021/8/19,159378
2021/8/20,170050
2021/8/21,159526
2021/8/22,143167
2021/8/23,147195
2021/8/24,156179
2021/8/25,161354
2021/8/26,144473
2021/8/27,158465
2021/8/28,152607
2021/8/29,132764
2021/8/30,104666
2021/8/31,139166
2021/9/1,136561
2021/9/2,120465
2021/9/3,139309
2021/9/4,135831
2021/9/5,124781
2021/9/6,115574
2021/9/7,125527
2021/9/8,128000
2021/9/9,121878
2021/9/10,134178
2021/9/11,139183
2021/9/12,119718
2021/9/13,100267
2021/9/14,113813
2021/9/15,119267
2021/9/16,116047
2021/9/17,128600
2021/9/18,129053
2021/9/19,113546
2021/9/20,42046
2021/9/21,113166
2021/9/22,119520
2021/9/23,62121
2021/9/24,123591
2021/9/25,127010
2021/9/26,100026
2021/9/27,92117
2021/9/28,97872
2021/9/29,101282
2021/9/30,102833
2021/10/1,96609
2021/10/2,99494
2021/10/3,76600
2021/10/4,74091
2021/10/5,77912
2021/10/6,79134
2021/10/7,76825
2021/10/8,91801
2021/10/9,91588
2021/10/10,71202
2021/10/11,43812
2021/10/12,59477
2021/10/13,53411
2021/10/14,53269
2021/10/15,73588
2021/10/16,76040
2021/10/17,57663
2021/10/18,43068
2021/10/19,45845
2021/10/20,47491
2021/10/21,50301
2021/10/22,54926
2021/10/23,67488
2021/10/24,50750
2021/10/25,34785
2021/10/26,35973
2021/10/27,39577
2021/10/28,37585
2021/10/29,43262
2021/10/30,53975
2021/10/31,40075
2021/11/1,25380
2021/11/2,24136
2021/11/3,13089
2021/11/4,26317
2021/11/5,30697
2021/11/6,34850
2021/11/7,21688
2021/11/8,16807
2021/11/9,18375
2021/11/10,19180
2021/11/11,16651
2021/11/12,23974
2021/11/13,23345
2021/11/14,16120
2021/11/15,12085
2021/11/16,11990
2021/11/17,13704
2021/11/18,13614
2021/11/19,18191
2021/11/20,22648
2021/11/21,13677
2021/11/22,8306
2021/11/23,3455
2021/11/24,7925
2021/11/25,8065
2021/11/26,13141
2021/11/27,16083
2021/11/28,9814
2021/11/29,6168
2021/11/30,6455
2021/12/1,4394
2021/12/2,4560
2021/12/3,8368
2021/12/4,9009
2021/12/5,4274
2021/12/6,4607
2021/12/7,4611
2021/12/8,4235
2021/12/9,5462
2021/12/10,9480
2021/12/11,7728
2021/12/12,4065
2021/12/13,5625
2021/12/14,5322
2021/12/15,7661
2021/12/16,8426
2021/12/17,13243
2021/12/18,9866
2021/12/19,4632
2021/12/20,9051
2021/12/21,9732
2021/12/22,11188
2021/12/23,11472
2021/12/24,16865
2021/12/25,14408
2021/12/26,5379
2021/12/27,8481
2021/12/28,9762
2021/12/29,5520
2021/12/30,1825
2021/12/31,553
2022/1/1,28
2022/1/2,469
2022/1/3,436
2022/1/4,2060
2022/1/5,4914
2022/1/6,6581
2022/1/7,13923
2022/1/8,19549
2022/1/9,6526
2022/1/10,1193
2022/1/11,11232
2022/1/12,15806
2022/1/13,15434
2022/1/14,27136
2022/1/15,26595
2022/1/16,9754
2022/1/17,18464
2022/1/18,22175
2022/1/19,25241
2022/1/20,26089
2022/1/21,42412
2022/1/22,39700
2022/1/23,20043
2022/1/24,29939
2022/1/25,35781
2022/1/26,37211
2022/1/27,39772
2022/1/28,55043
2022/1/29,55975
2022/1/30,34470
2022/1/31,47696
2022/2/1,73636
2022/2/2,71304
2022/2/3,76770
2022/2/4,96145
2022/2/5,86431
2022/2/6,65738
2022/2/7,88197
2022/2/8,101409
2022/2/9,101887
2022/2/10,100829
2022/2/11,63795
2022/2/12,107887
2022/2/13,76354
2022/2/14,91342
2022/2/15,111655
2022/2/16,105999
2022/2/17,106431
2022/2/18,130022
2022/2/19,120403
2022/2/20,87921
2022/2/21,96480
2022/2/22,122169
2022/2/23,67984
2022/2/24,108707
2022/2/25,136421
2022/2/26,125901
2022/2/27,87048
2022/2/28,99533
2022/3/1,121763
2022/3/2,118472
2022/3/3,121615
2022/3/4,157515
2022/3/5,133113
2022/3/6,88942
2022/3/7,101670
2022/3/8,112947
2022/3/9,106107
2022/3/10,108049
2022/3/11,149573
2022/3/12,120988
2022/3/13,81049
2022/3/14,93310
2022/3/15,104982
2022/3/16,96852
2022/3/17,97294
2022/3/18,146169
2022/3/19,125628
2022/3/20,77881
2022/3/21,26700
2022/3/22,85546
2022/3/23,77243
2022/3/24,79749
2022/3/25,121165
2022/3/26,104808
2022/3/27,62953
2022/3/28,71070
2022/3/29,74387
2022/3/30,63101
2022/3/31,50846
2022/4/1,60122
2022/4/2,70592
2022/4/3,38372
2022/4/4,39410
2022/4/5,43222
2022/4/6,40948
2022/4/7,43234
2022/4/8,79505
2022/4/9,72142
2022/4/10,35924
2022/4/11,37007
2022/4/12,42354
2022/4/13,38287
2022/4/14,39285
2022/4/15,79205
2022/4/16,74125
2022/4/17,35782
2022/4/18,32372
2022/4/19,37029
2022/4/20,36129
2022/4/21,37904
2022/4/22,74436
2022/4/23,70912
2022/4/24,31074
2022/4/25,29755
2022/4/26,34063
2022/4/27,32606
2022/4/28,50090
2022/4/29,36348
2022/4/30,54901
2022/5/1,19157
2022/5/2,24473
2022/5/3,16088
2022/5/4,9982
2022/5/5,6293
2022/5/6,34654
2022/5/7,39017
2022/5/8,15035
2022/5/9,15456
2022/5/10,17403
2022/5/11,17095
2022/5/12,18036
2022/5/13,38631
2022/5/14,39646
2022/5/15,14002
2022/5/16,13628
2022/5/17,14484
2022/5/18,14375
2022/5/19,15716
2022/5/20,31273
2022/5/21,33733
2022/5/22,11942
2022/5/23,10552
2022/5/24,11459
2022/5/25,11713
2022/5/26,13162
2022/5/27,27959
2022/5/28,29201
2022/5/29,12312
2022/5/30,10475
2022/5/31,9753
2022/6/1,7612
2022/6/2,7669
2022/6/3,19686
2022/6/4,21275
2022/6/5,6963
2022/6/6,7091
2022/6/7,7427
2022/6/8,7902
2022/6/9,7721
2022/6/10,18966
2022/6/11,20710
2022/6/12,7233
2022/6/13,7484
2022/6/14,7534
2022/6/15,7810
2022/6/16,8701
2022/6/17,21048
2022/6/18,20753
2022/6/19,8124
2022/6/20,9805
2022/6/21,11742
2022/6/22,13893
2022/6/23,14527
2022/6/24,28071
2022/6/25,29325
2022/6/26,11268
2022/6/27,20258
2022/6/28,21462
2022/6/29,22113
2022/6/30,22156
2022/7/1,44702
2022/7/2,39454
2022/7/3,20735
2022/7/4,39076
2022/7/5,39638
2022/7/6,39294
2022/7/7,42598
2022/7/8,65931
2022/7/9,58755
2022/7/10,36259
2022/7/11,47609
2022/7/12,55548
2022/7/13,55914
2022/7/14,53303
2022/7/15,83485
2022/7/16,81107
2022/7/17,50432
2022/7/18,18301
2022/7/19,67116
2022/7/20,68411
2022/7/21,65683
2022/7/22,94110
2022/7/23,87770
2022/7/24,53814
2022/7/25,62162
2022/7/26,69968
2022/7/27,70458
2022/7/28,71265
2022/7/29,96786
2022/7/30,88989
2022/7/31,45497
2022/8/1,52533
2022/8/2,61768
2022/8/3,63207
2022/8/4,58496
2022/8/5,88746
2022/8/6,83187
2022/8/7,41150
2022/8/8,52391
2022/8/9,57683
2022/8/10,62634
2022/8/11,27542
2022/8/12,61987
2022/8/13,44621
2022/8/14,31335
2022/8/15,31451
2022/8/16,38155
2022/8/17,38479
2022/8/18,39872
2022/8/19,64718
2022/8/20,59455
2022/8/21,28534
2022/8/22,36744
2022/8/23,43299
2022/8/24,39527
2022/8/25,38037
2022/8/26,60076
2022/8/27,55100
2022/8/28,25567
2022/8/29,33798
2022/8/30,35445
2022/8/31,31836
2022/9/1,20911
2022/9/2,34543
2022/9/3,34603
2022/9/4,9814
2022/9/5,18414
2022/9/6,18062
2022/9/7,18285
2022/9/8,15733
2022/9/9,28298
2022/9/10,26058
2022/9/11,6617
2022/9/12,12905
2022/9/13,13487
2022/9/14,13076
2022/9/15,11479
2022/9/16,21351
2022/9/17,22087
2022/9/18,6283
2022/9/19,1954
2022/9/20,9160
2022/9/21,10271
2022/9/22,13077
2022/9/23,7298
2022/9/24,16902
2022/9/25,5383
2022/9/26,9640
2022/9/27,11701
2022/9/28,12927
2022/9/29,11764
2022/9/30,22384
2022/10/1,19280
2022/10/2,8722
2022/10/3,7637
2022/10/4,12648
2022/10/5,11909
2022/10/6,12097
2022/10/7,25936
2022/10/8,37585
2022/10/9,21975
2022/10/10,6602
2022/10/11,18505
2022/10/12,20460
2022/10/13,20359
2022/10/14,41224
2022/10/15,51679
2022/10/16,23194
2022/10/17,21188
2022/10/18,25801
2022/10/19,25448
2022/10/20,25995
2022/10/21,47568
2022/10/22,58042
2022/10/23,24580
2022/10/24,24972
2022/10/25,30972
2022/10/26,29857
2022/10/27,35463
2022/10/28,62964
2022/10/29,67517
2022/10/30,30618
2022/10/31,33713
2022/11/1,50779
2022/11/2,66383
2022/11/3,38666
2022/11/4,84276
2022/11/5,86511
2022/11/6,48787
2022/11/7,58969
2022/11/8,72931
2022/11/9,74575
2022/11/10,75342
2022/11/11,109171
2022/11/12,106619
2022/11/13,58081
2022/11/14,67145
2022/11/15,76850
2022/11/16,84546
2022/11/17,87227
2022/11/18,119541
2022/11/19,102799
2022/11/20,69518
2022/11/21,68483
2022/11/22,101337
2022/11/23,54486
2022/11/24,88454
2022/11/25,122295
2022/11/26,114296
2022/11/27,64888
2022/11/28,74226
2022/11/29,85158
2022/11/30,86000
2022/12/1,77581
2022/12/2,112030
2022/12/3,104091
2022/12/4,55050
2022/12/5,67797
2022/12/6,81675
2022/12/7,74371
2022/12/8,74563
2022/12/9,113358
2022/12/10,99609
2022/12/11,46867
2022/12/12,62590
2022/12/13,72279
2022/12/14,65226
2022/12/15,60246
2022/12/16,100150
2022/12/17,93595
2022/12/18,41099
2022/12/19,52668
2022/12/20,61297
2022/12/21,51843
2022/12/22,48584
2022/12/23,74612
2022/12/24,65974
2022/12/25,25723
2022/12/26,42433
2022/12/27,40710
2022/12/28,32096
2022/12/29,12335
2022/12/30,5108
2022/12/31,1461
2023/1/1,73
2023/1/2,1276
2023/1/3,1018
2023/1/4,7280
2023/1/5,12575
2023/1/6,29758
2023/1/7,36849
2023/1/8,11498
2023/1/9,3725
2023/1/10,19295
2023/1/11,20255
2023/1/12,16724
2023/1/13,34155
2023/1/14,36937
2023/1/15,9049
2023/1/16,17841
2023/1/17,17841
2023/1/18,17633
2023/1/19,14155
2023/1/20,28953
2023/1/21,30438
2023/1/22,6797
2023/1/23,13235
2023/1/24,13260
2023/1/25,12771
2023/1/26,11383
2023/1/27,23493
2023/1/28,26063
2023/1/29,7043
2023/1/30,10181
2023/1/31,11560
2023/2/1,7338
2023/2/2,6503
2023/2/3,14199
2023/2/4,15806
2023/2/5,3616
2023/2/6,6184
2023/2/7,6745
2023/2/8,6336
2023/2/9,6569
2023/2/10,11781
2023/2/11,6450
2023/2/12,3571
2023/2/13,4915
2023/2/14,5369
2023/2/15,5253
2023/2/16,4647
2023/2/17,10225
2023/2/18,12143
2023/2/19,2918
2023/2/20,4250
2023/2/21,4851
2023/2/22,6492
2023/2/23,2016
2023/2/24,8852
2023/2/25,9665
2023/2/26,2448
2023/2/27,3722
2023/2/28,4103
2023/3/1,2524
2023/3/2,2599
2023/3/3,5667
2023/3/4,7715
2023/3/5,1926
2023/3/6,2319
2023/3/7,3179
2023/3/8,3027
2023/3/9,2739
2023/3/10,5789
2023/3/11,6214
2023/3/12,1546
2023/3/13,2356
2023/3/14,2716
2023/3/15,2497
2023/3/16,2545
2023/3/17,5384
2023/3/18,6432
2023/3/19,1266
2023/3/20,2873
2023/3/21,650
2023/3/22,2159
2023/3/23,2022
2023/3/24,4900
2023/3/25,6411
2023/3/26,2247
2023/3/27,2283
2023/3/28,3104
2023/3/29,2805
2023/3/30,2560
2023/3/31,4975
2023/4/1,2906
2023/4/2,757
2023/4/3,896
2023/4/4,1214
2023/4/5,1020
2023/4/6,941
2023/4/7,2384
2023/4/8,3565
2023/4/9,622
2023/4/10,673
2023/4/11,818
2023/4/12,753
2023/4/13,978
2023/4/14,2494
2023/4/15,3435
2023/4/16,594
2023/4/17,690
2023/4/18,854
2023/4/19,935
2023/4/20,1115
2023/4/21,2344
2023/4/22,3928
2023/4/23,797
2023/4/24,779
2023/4/25,979
2023/4/26,910
2023/4/27,1323
2023/4/28,3604
2023/4/29,2010
2023/4/30,782
2023/5/1,1073
2023/5/2,1528
2023/5/3,457
2023/5/4,465
2023/5/5,625
2023/5/6,2321
2023/5/7,679
2023/5/8,29576
2023/5/9,34181
2023/5/10,31878
2023/5/11,30825
2023/5/12,47904
2023/5/13,39358
2023/5/14,16640
2023/5/15,37158
2023/5/16,43292
2023/5/17,39087
2023/5/18,37236
2023/5/19,53646
2023/5/20,45097
2023/5/21,18474
2023/5/22,40076
2023/5/23,42494
2023/5/24,39008
2023/5/25,37606
2023/5/26,56563
2023/5/27,46625
2023/5/28,20414
2023/5/29,37176
2023/5/30,41873
2023/5/31,36781
2023/6/1,31659
2023/6/2,45113
2023/6/3,38008
2023/6/4,16628
2023/6/5,34743
2023/6/6,38376
2023/6/7,34667
2023/6/8,30417
2023/6/9,45572
2023/6/10,36464
2023/6/11,14132
2023/6/12,29962
2023/6/13,32209
2023/6/14,27589
2023/6/15,25310
2023/6/16,38848
2023/6/17,30147
2023/6/18,10733
2023/6/19,25118
2023/6/20,26956
2023/6/21,23358
2023/6/22,21340
2023/6/23,32593
2023/6/24,26732
2023/6/25,10344
2023/6/26,20016
2023/6/27,22936
2023/6/28,18883
2023/6/29,18647
2023/6/30,26733
2023/7/1,14405
2023/7/2,3845
2023/7/3,10862
2023/7/4,12142
2023/7/5,10454
2023/7/6,9420
2023/7/7,17171
2023/7/8,12799
2023/7/9,3613
2023/7/10,9948
2023/7/11,10280
2023/7/12,8913
2023/7/13,7765
2023/7/14,14823
2023/7/15,12051
2023/7/16,2238
2023/7/17,520
2023/7/18,7436
2023/7/19,7023
2023/7/20,6637
2023/7/21,13146
2023/7/22,10380
2023/7/23,3026
2023/7/24,6430
2023/7/25,7283
2023/7/26,6177
2023/7/27,5323
2023/7/28,9305
2023/7/29,7274
2023/7/30,1458
2023/7/31,4396
2023/8/1,3911
2023/8/2,3470
2023/8/3,3161
2023/8/4,5780
2023/8/5,4786
2023/8/6,1093
2023/8/7,3157
2023/8/8,3536
2023/8/9,2903
2023/8/10,3028
2023/8/11,1076
2023/8/12,2330
2023/8/13,505
2023/8/14,1571
2023/8/15,1756
2023/8/16,1817
2023/8/17,1961
2023/8/18,4240
2023/8/19,3343
2023/8/20,691
2023/8/21,2442
2023/8/22,2811
2023/8/23,2454
2023/8/24,2242
2023/8/25,4340
2023/8/26,3661
2023/8/27,472
2023/8/28,2285
2023/8/29,2267
2023/8/30,2103
2023/8/31,1799
2023/9/1,946
2023/9/2,861
2023/9/3,203
2023/9/4,648
2023/9/5,696
2023/9/6,640
2023/9/7,793
2023/9/8,998
2023/9/9,959
2023/9/10,209
2023/9/11,544
2023/9/12,531
2023/9/13,548
2023/9/14,627
2023/9/15,980
2023/9/16,895
2023/9/17,237
2023/9/18,61
2023/9/19,948
2023/9/20,28058
2023/9/21,26566
2023/9/22,38959
2023/9/23,18122
2023/9/24,13269
2023/9/25,33934
2023/9/26,39310
2023/9/27,34925
2023/9/28,32361
2023/9/29,49326
2023/9/30,41447
2023/10/1,18012
2023/10/2,37286
2023/10/3,43689
2023/10/4,41247
2023/10/5,37157
2023/10/6,57607
2023/10/7,53415
2023/10/8,24291
2023/10/9,15050
2023/10/10,43626
2023/10/11,43897
2023/10/12,39856
2023/10/13,62401
2023/10/14,51654
2023/10/15,23364
2023/10/16,43413
2023/10/17,45178
2023/10/18,42978
2023/10/19,39220
2023/10/20,58227
2023/10/21,50415
2023/10/22,20385
2023/10/23,39556
2023/10/24,44143
2023/10/25,39504
2023/10/26,37357
2023/10/27,55386
2023/10/28,49153
2023/10/29,20646
2023/10/30,36136
2023/10/31,37271
2023/11/1,29638
2023/11/2,30069
2023/11/3,13619
2023/11/4,34026
2023/11/5,11263
2023/11/6,27056
2023/11/7,30539
2023/11/8,27136
2023/11/9,23673
2023/11/10,38818
2023/11/11,33821
2023/11/12,9635
2023/11/13,23058
2023/11/14,26468
2023/11/15,24238
2023/11/16,21580
2023/11/17,33207
2023/11/18,29373
2023/11/19,6773
2023/11/20,20933
2023/11/21,22575
2023/11/22,23364
2023/11/23,6102
2023/11/24,29776
2023/11/25,27615
2023/11/26,6842
2023/11/27,17404
2023/11/28,21096
2023/11/29,17755
2023/11/30,16102
2023/12/1,20563
2023/12/2,18438
2023/12/3,2901
2023/12/4,12206
2023/12/5,14267
2023/12/6,13148
2023/12/7,12051
2023/12/8,20341
2023/12/9,17493
2023/12/10,3406
2023/12/11,10950
2023/12/12,12858
2023/12/13,11802
2023/12/14,10691
2023/12/15,19447
2023/12/16,17691
2023/12/17,2960
2023/12/18,9251
2023/12/19,10883
2023/12/20,9275
2023/12/21,8312
2023/12/22,14453
2023/12/23,12288
2023/12/24,1338
2023/12/25,6322
2023/12/26,7352
2023/12/27,6121
2023/12/28,4543
2023/12/29,2025
2023/12/30,272
2023/12/31,53
2024/1/1,6
2024/1/2,19
2024/1/3,36
2024/1/4,959
2024/1/5,2789
2024/1/6,3628
2024/1/7,400
2024/1/8,139
2024/1/9,2488
2024/1/10,2630
2024/1/11,2468
2024/1/12,4586
2024/1/13,5507
2024/1/14,460
2024/1/15,2808
2024/1/16,3378
2024/1/17,2727
2024/1/18,2355
2024/1/19,4687
2024/1/20,4863
2024/1/21,372
2024/1/22,2311
2024/1/23,2930
2024/1/24,2689
2024/1/25,2433
2024/1/26,4510
2024/1/27,5488
2024/1/28,491
2024/1/29,2412
2024/1/30,3000
2024/1/31,2563
2024/2/1,1971
2024/2/2,3655
2024/2/3,4040
2024/2/4,367
2024/2/5,1896
2024/2/6,2029
2024/2/7,1888
2024/2/8,1816
2024/2/9,3919
2024/2/10,4366
2024/2/11,363
2024/2/12,122
2024/2/13,2102
2024/2/14,2250
2024/2/15,1687
2024/2/16,3671
2024/2/17,4012
2024/2/18,360
2024/2/19,1925
2024/2/20,1994
2024/2/21,2106
2024/2/22,2473
2024/2/23,570
2024/2/24,3326
2024/2/25,374
2024/2/26,1591
2024/2/27,1809
2024/2/28,1674
2024/2/29,1630
2024/3/1,2383
2024/3/2,2968
2024/3/3,245
2024/3/4,1201
2024/3/5,1424
2024/3/6,1304
2024/3/7,1304
2024/3/8,2833
2024/3/9,3406
2024/3/10,344
2024/3/11,1547
2024/3/12,1504
2024/3/13,2038
2024/3/14,1441
2024/3/15,3192
2024/3/16,3359
2024/3/17,304
2024/3/18,1620
2024/3/19,2238
2024/3/20,722
2024/3/21,1838
2024/3/22,3077
2024/3/23,3439
2024/3/24,266
2024/3/25,1366
2024/3/26,1470
2024/3/27,2167
2024/3/28,1517
2024/3/29,2941
2024/3/30,2776
